{
	"info": {
		"_postman_id": "fb296149-c93f-4867-b977-457bd71c6774",
		"name": "Eloan-Rest",
		"schema": "https://schema.getpostman.com/json/collection/v2.1.0/collection.json"
	},
	"item": [
		{
			"name": "Admin",
			"item": [
				{
					"name": "register-clerk",
					"request": {
						"method": "POST",
						"header": [],
						"body": {
							"mode": "raw",
							"raw": "{\r\n\"firstName\": \"mark\",\r\n\"lastName\":\"last\",\r\n\"email\":\"mark@mail.com\",\r\n\"mobile\":\"5623562356\"\r\n}",
							"options": {
								"raw": {
									"language": "json"
								}
							}
						},
						"url": {
							"raw": "http://localhost:9090/eloan-app/admin/register-clerk",
							"protocol": "http",
							"host": [
								"localhost"
							],
							"port": "9090",
							"path": [
								"eloan-app",
								"admin",
								"register-clerk"
							]
						}
					},
					"response": []
				},
				{
					"name": "register-manager",
					"request": {
						"method": "POST",
						"header": [],
						"body": {
							"mode": "raw",
							"raw": "{\r\n\"firstName\": \"manager\",\r\n\"lastName\":\"one\",\r\n\"email\":\"managerone@mail.com\",\r\n\"mobile\":\"9685634512\"\r\n}",
							"options": {
								"raw": {
									"language": "json"
								}
							}
						},
						"url": {
							"raw": "http://localhost:9090/eloan-app/admin/register-manager",
							"protocol": "http",
							"host": [
								"localhost"
							],
							"port": "9090",
							"path": [
								"eloan-app",
								"admin",
								"register-manager"
							]
						}
					},
					"response": []
				},
				{
					"name": "all-clerks",
					"protocolProfileBehavior": {
						"disableBodyPruning": true
					},
					"request": {
						"method": "GET",
						"header": [],
						"body": {
							"mode": "raw",
							"raw": "",
							"options": {
								"raw": {
									"language": "json"
								}
							}
						},
						"url": {
							"raw": "http://localhost:9090/eloan-app/admin/all-clerks",
							"protocol": "http",
							"host": [
								"localhost"
							],
							"port": "9090",
							"path": [
								"eloan-app",
								"admin",
								"all-clerks"
							]
						}
					},
					"response": []
				},
				{
					"name": "all-managers",
					"protocolProfileBehavior": {
						"disableBodyPruning": true
					},
					"request": {
						"method": "GET",
						"header": [],
						"body": {
							"mode": "raw",
							"raw": "",
							"options": {
								"raw": {
									"language": "json"
								}
							}
						},
						"url": {
							"raw": "http://localhost:9090/eloan-app/admin/all-managers",
							"protocol": "http",
							"host": [
								"localhost"
							],
							"port": "9090",
							"path": [
								"eloan-app",
								"admin",
								"all-managers"
							]
						}
					},
					"response": []
				}
			],
			"protocolProfileBehavior": {}
		},
		{
			"name": "Customer",
			"item": [
				{
					"name": "Single loan-status",
					"protocolProfileBehavior": {
						"disableBodyPruning": true
					},
					"request": {
						"method": "GET",
						"header": [],
						"body": {
							"mode": "raw",
							"raw": "",
							"options": {
								"raw": {
									"language": "json"
								}
							}
						},
						"url": {
							"raw": "http://localhost:9090/eloan-app/customer/loan-status/1",
							"protocol": "http",
							"host": [
								"localhost"
							],
							"port": "9090",
							"path": [
								"eloan-app",
								"customer",
								"loan-status",
								"1"
							]
						}
					},
					"response": []
				},
				{
					"name": "All Loan status",
					"protocolProfileBehavior": {
						"disableBodyPruning": true
					},
					"request": {
						"method": "GET",
						"header": [],
						"body": {
							"mode": "raw",
							"raw": "",
							"options": {
								"raw": {
									"language": "json"
								}
							}
						},
						"url": {
							"raw": "http://localhost:9090/eloan-app/customer/loan-status-all/3",
							"protocol": "http",
							"host": [
								"localhost"
							],
							"port": "9090",
							"path": [
								"eloan-app",
								"customer",
								"loan-status-all",
								"3"
							]
						}
					},
					"response": []
				},
				{
					"name": "applyLoan",
					"request": {
						"method": "POST",
						"header": [],
						"body": {
							"mode": "raw",
							"raw": "{\r\n\"loanName\": \"home loan\",\r\n\"loanAmount\":\"100000\",\r\n\"businessStructure\":\"Individual\",\r\n\"billingIndicator\":\"Salaried\",\r\n\"taxIndicator\":\"Non Tax payer\"\r\n}",
							"options": {
								"raw": {
									"language": "json"
								}
							}
						},
						"url": {
							"raw": "http://localhost:9090/eloan-app/customer/apply-loan/3",
							"protocol": "http",
							"host": [
								"localhost"
							],
							"port": "9090",
							"path": [
								"eloan-app",
								"customer",
								"apply-loan",
								"3"
							]
						}
					},
					"response": []
				},
				{
					"name": "customer register",
					"request": {
						"method": "POST",
						"header": [],
						"body": {
							"mode": "raw",
							"raw": "{\r\n\"firstName\": \"second\",\r\n\"lastName\":\"name\",\r\n\"email\":\"second@mail.com\",\r\n\"mobile\":\"9865325623\"\r\n}",
							"options": {
								"raw": {
									"language": "json"
								}
							}
						},
						"url": {
							"raw": "http://localhost:9090/eloan-app/customer/register",
							"protocol": "http",
							"host": [
								"localhost"
							],
							"port": "9090",
							"path": [
								"eloan-app",
								"customer",
								"register"
							]
						}
					},
					"response": []
				}
			],
			"protocolProfileBehavior": {}
		},
		{
			"name": "Clerk",
			"item": [
				{
					"name": "clerk-all-applied",
					"request": {
						"method": "GET",
						"header": [],
						"url": {
							"raw": "http://localhost:9090/eloan-app/clerk/all-applied",
							"protocol": "http",
							"host": [
								"localhost"
							],
							"port": "9090",
							"path": [
								"eloan-app",
								"clerk",
								"all-applied"
							]
						}
					},
					"response": []
				},
				{
					"name": "clerk-process",
					"request": {
						"method": "POST",
						"header": [],
						"body": {
							"mode": "raw",
							"raw": "{\r\n\"acresOfLand\": \"10\",\r\n\"landValue\":\"100000\",\r\n\"appraisedBy\":\"all\",\r\n\"addressOfProperty\":\"banagalore\",\r\n\"suggestedAmountOfLoan\":\"80000\"\r\n}",
							"options": {
								"raw": {
									"language": "json"
								}
							}
						},
						"url": {
							"raw": "http://localhost:9090/eloan-app/clerk/process/1/2",
							"protocol": "http",
							"host": [
								"localhost"
							],
							"port": "9090",
							"path": [
								"eloan-app",
								"clerk",
								"process",
								"1",
								"2"
							]
						}
					},
					"response": []
				}
			],
			"protocolProfileBehavior": {}
		},
		{
			"name": "Manager",
			"item": [
				{
					"name": "manager-all-processed",
					"request": {
						"method": "GET",
						"header": [],
						"url": {
							"raw": "http://localhost:9090/eloan-app/manager/all-processed",
							"protocol": "http",
							"host": [
								"localhost"
							],
							"port": "9090",
							"path": [
								"eloan-app",
								"manager",
								"all-processed"
							]
						}
					},
					"response": []
				},
				{
					"name": "manager-sanction",
					"request": {
						"method": "POST",
						"header": [],
						"body": {
							"mode": "raw",
							"raw": "{\r\n\"loanAmountSanctioned\": \"100000\",\r\n\"termOfLoan\":\"2.5\",\r\n\"paymentStartDate\":\"2021-2-2\"\r\n}",
							"options": {
								"raw": {
									"language": "json"
								}
							}
						},
						"url": {
							"raw": "http://localhost:9090/eloan-app/manager/sanction-loan/2/1",
							"protocol": "http",
							"host": [
								"localhost"
							],
							"port": "9090",
							"path": [
								"eloan-app",
								"manager",
								"sanction-loan",
								"2",
								"1"
							]
						}
					},
					"response": []
				},
				{
					"name": "manager-reject loan",
					"request": {
						"method": "POST",
						"header": [],
						"body": {
							"mode": "raw",
							"raw": "{\r\n\"remark\": \"Loan cannot be sanctioned\"\r\n}",
							"options": {
								"raw": {
									"language": "json"
								}
							}
						},
						"url": {
							"raw": "http://localhost:9090/eloan-app/manager/reject-loan/2/2",
							"protocol": "http",
							"host": [
								"localhost"
							],
							"port": "9090",
							"path": [
								"eloan-app",
								"manager",
								"reject-loan",
								"2",
								"2"
							]
						}
					},
					"response": []
				}
			],
			"protocolProfileBehavior": {}
		}
	],
	"protocolProfileBehavior": {}
}